ID,prediction
28800,0.03337340394153661
28801,0.9183153638022878
28802,0.0069868812003098316
