ID,prediction
28800,0.003978557778866528
28801,0.9825393080479948
28802,0.00014583182648772854
