ID,prediction
28800,0.5002926200531653
28801,0.6703869106933937
28802,0.4330837914675819
