ID,prediction
28800,0.001821111389988983
28801,0.9916974720434033
28802,0.00034075380691808374
