ID,prediction
28800,0.05840145952771612
28801,0.8567008676316706
28802,0.008332567890988268
