ID,prediction
28800,0.11975421801257981
28801,0.7781042846685489
28802,0.015069760173620201
