ID,prediction
28800,0.12103317117396327
28801,0.7220646564477011
28802,0.01765973984076868
