ID,prediction
28800,0.1395526918652042
28801,0.6343744729669034
28802,0.028391594716654384
