ID,prediction
28800,0.5016696
28801,0.6250088
28802,0.44464344
